StartDate,EndDate,Status,Progress,Duration (in seconds),Finished,RecordedDate,ResponseId,DistributionChannel,UserLanguage,Q59,Q60,QID99,Q6_1,Q9,Q52,Q53,Q54_NPS_GROUP,Q54,Q56_NPS_GROUP,Q56,Q57_NPS_GROUP,Q57,Q11,Q51_1,Q12_1,Q13_1,Q18_1,Q17_1,Q16_1,Q24_1,Q15_1,Q14_1,Q19_1,Q20_1,Q21_1,Q23_1,Q78,Q22_1,Q38,Q39_1,Q40_1,Q41_1,Q42_1,Q43_1,Q44_1,Q45_1,Q46_1,Q47_1,Q48_1,Q61_1,Q62_1,Q77,Q63_1,Q50,Q51_1,Q52_1,Q53_1,Q54_1,Q55_1,Q56_1,Q57_1,Q58_1,Q59_1,Q60_1,Q64_1,Q65_1,Q75,Q66_1,Q64,Q61,Q62,Q63,order,order_label
Start Date,End Date,Response Type,Progress,Duration (in seconds),Finished,Recorded Date,Response ID,Distribution Channel,User Language,Do you agree to participate in this study?,"How many LLM assistant interfaces will you interact with, and what is different about them?",Prolific ID (Only required when accessing via prolific.com),What is your age? - Alter,What is your gender?,What is the highest level of education you have completed?,"How often do you use large language models (e.g. ChatGPT, Gemini)?",How experienced do you consider yourself in using LLMs? - Group,How experienced do you consider yourself in using LLMs?,How often have you experienced a language model giving incorrect or misleading answers - Group,How often have you experienced a language model giving incorrect or misleading answers,Do you generally trust the answers provided by large language models? - Group,Do you generally trust the answers provided by large language models?,Which uncertainty representation format did you experience?,"In order to prove that you are reading questions attentively, please select “Strongly agree” here - Choose:",I believe that the assistant would act in my best interest when communicating uncertainty - Choose:,"If I required help, the assistant would do its best to help me - Choose:","The assistant is interested in my well-being, not just its own - Choose:",The assistant is truthful in communicating uncertainty levels - Choose:,I would characterize the assistant as honest about its level of uncertainty - Choose:,The assistant would keep its commitments in providing uncertainty levels - Choose:,The assistant is competent and effective in providing uncertainty communication - Choose:,The assistant performs its role of giving uncertainty levels very well - Choose:,"Overall, the assistant is a capable and proficient assistant for uncertainty representation - Choose:","In general, the assistant is very knowledgeable about the provided uncertainty - Choose:",The way uncertainty was presented helps me to be more effective in evaluating and using the answer - Choose:,I am satisfied with this uncertainty representation - Choose:,Comments or suggestions,I learned to use/interpret the uncertainty representation quickly - Choose:,Which uncertainty representation format did you experience?,I believe that the assistant would act in my best interest when communicating uncertainty - Choose:,"If I required help, the assistant would do its best to help me - Choose:","The assistant is interested in my well-being, not just its own - Choose:",The assistant is truthful in communicating uncertainty levels - Choose:,I would characterize the assistant as honest about its level of uncertainty - Choose:,The assistant would keep its commitments in providing uncertainty levels - Choose:,The assistant is competent and effective in providing uncertainty communication - Choose:,The assistant performs its role of giving uncertainty levels very well - Choose:,"Overall, the assistant is a capable and proficient assistant for uncertainty representation - Choose:","In general, the assistant is very knowledgeable about the provided uncertainty - Choose:",The way uncertainty was presented helps me to be more effective in evaluating and using the answer - Choose:,I am satisfied with this uncertainty representation - Choose:,Comments or suggestions,I learned to use/interpret the uncertainty representation quickly - Choose:,Which uncertainty representation format did you experience?,I believe that the assistant would act in my best interest when communicating uncertainty - Choose:,"If I required help, the assistant would do its best to help me - Choose:","The assistant is interested in my well-being, not just its own - Choose:",The assistant is truthful in communicating uncertainty levels - Choose:,I would characterize the assistant as honest about its level of uncertainty - Choose:,The assistant would keep its commitments in providing uncertainty levels - Choose:,The assistant is competent and effective in providing uncertainty communication - Choose:,The assistant performs its role of giving uncertainty levels very well - Choose:,"Overall, the assistant is a capable and proficient assistant for uncertainty representation - Choose:","In general, the assistant is very knowledgeable about the provided uncertainty - Choose:",The way uncertainty was presented helps me to be more effective in evaluating and using the answer - Choose:,I am satisfied with this uncertainty representation - Choose:,Comments or suggestions,I learned to use/interpret the uncertainty representation quickly - Choose:,Would you like to have uncertainty indicators in LLM interfaces (ChatGPT/Gemini...)?,Which format would you prefer for everyday use in terms of usability and why?,Which format would you prefer for everyday use in terms of trustworthiness and why?,Does uncertainty representation make you more confident in using LLMs?,order,order_label
"{""ImportId"":""startDate"",""timeZone"":""Europe/Berlin""}","{""ImportId"":""endDate"",""timeZone"":""Europe/Berlin""}","{""ImportId"":""status""}","{""ImportId"":""progress""}","{""ImportId"":""duration""}","{""ImportId"":""finished""}","{""ImportId"":""recordedDate"",""timeZone"":""Europe/Berlin""}","{""ImportId"":""_recordId""}","{""ImportId"":""distributionChannel""}","{""ImportId"":""userLanguage""}","{""ImportId"":""QID79""}","{""ImportId"":""QID80""}","{""ImportId"":""QID99_TEXT""}","{""ImportId"":""QID6_1""}","{""ImportId"":""QID9""}","{""ImportId"":""QID72""}","{""ImportId"":""QID73""}","{""ImportId"":""QID74_NPS_GROUP""}","{""ImportId"":""QID74""}","{""ImportId"":""QID76_NPS_GROUP""}","{""ImportId"":""QID76""}","{""ImportId"":""QID77_NPS_GROUP""}","{""ImportId"":""QID77""}","{""ImportId"":""QID11""}","{""ImportId"":""QID71_14""}","{""ImportId"":""QID12_14""}","{""ImportId"":""QID13_14""}","{""ImportId"":""QID18_14""}","{""ImportId"":""QID17_14""}","{""ImportId"":""QID16_14""}","{""ImportId"":""QID24_14""}","{""ImportId"":""QID15_14""}","{""ImportId"":""QID14_14""}","{""ImportId"":""QID19_14""}","{""ImportId"":""QID20_14""}","{""ImportId"":""QID21_14""}","{""ImportId"":""QID23_14""}","{""ImportId"":""QID98_TEXT""}","{""ImportId"":""QID22_14""}","{""ImportId"":""QID38""}","{""ImportId"":""QID39_14""}","{""ImportId"":""QID40_14""}","{""ImportId"":""QID41_14""}","{""ImportId"":""QID42_14""}","{""ImportId"":""QID43_14""}","{""ImportId"":""QID44_14""}","{""ImportId"":""QID45_14""}","{""ImportId"":""QID46_14""}","{""ImportId"":""QID47_14""}","{""ImportId"":""QID48_14""}","{""ImportId"":""QID61_14""}","{""ImportId"":""QID62_14""}","{""ImportId"":""QID97_TEXT""}","{""ImportId"":""QID63_14""}","{""ImportId"":""QID50""}","{""ImportId"":""QID51_14""}","{""ImportId"":""QID52_14""}","{""ImportId"":""QID53_14""}","{""ImportId"":""QID54_14""}","{""ImportId"":""QID55_14""}","{""ImportId"":""QID56_14""}","{""ImportId"":""QID57_14""}","{""ImportId"":""QID58_14""}","{""ImportId"":""QID59_14""}","{""ImportId"":""QID60_14""}","{""ImportId"":""QID64_14""}","{""ImportId"":""QID65_14""}","{""ImportId"":""QID95_TEXT""}","{""ImportId"":""QID66_14""}","{""ImportId"":""QID84""}","{""ImportId"":""QID81_TEXT""}","{""ImportId"":""QID82_TEXT""}","{""ImportId"":""QID83_TEXT""}","{""ImportId"":""order""}","{""ImportId"":""order_label""}"
2025-12-25 21:50:55,2025-12-25 22:15:36,IP Address,100,1480,True,2025-12-25 22:15:36,R_8rNxhnmcwViUEp7,anonymous,DE,"Yes, I agree",Three versions; the uncertainty is shown in different formats,,21,Male,High School,Daily,Promoter,9,Passive,7,Detractor,4,Verbal,Strongly Agree,Neither Agree nor Disagree,Neither Agree nor Disagree,Neither Agree nor Disagree,Somewhat Agree,Somewhat Agree,Somewhat Disagree,Somewhat Disagree,Neither Agree nor Disagree,Somewhat Disagree,Somewhat Disagree,Somewhat Disagree,Somewhat Disagree,"Not clearly stated, how uncertain the LLM is, put in the answer in a rather ""hidden"" way. Aswell ""rather sure"" does not define clearly enough how sure this actually is.",Somewhat Agree,Numerical/Percentage,Strongly Agree,Agree,Strongly Agree,Strongly Agree,Strongly Agree,Strongly Agree,Agree,Agree,Agree,Agree,Strongly Agree,Strongly Agree,,Agree,Visual/Colour,Agree,Neither Agree nor Disagree,Somewhat Agree,Strongly Agree,Agree,Strongly Agree,Agree,Somewhat Agree,Agree,Somewhat Agree,Somewhat Agree,Somewhat Agree,"It is very easy to understand, very intuitive and quick to interpret. However as it is not clear which direct uncertaincy (like with percentage) results in which color it is not transparent enough to understand wether orange for example means just not 100% certain or means merely 50%. Usage of more colors (dark green, light green, orange, yellow, red etc.) could be of use.",Strongly Agree,Yes,"Percentage format, as it is the easiest du see at a glance. You get a very good feel for how sure exactly it is and if the level of certaincy is enough for your current use case.","Aswell the percentage, as it cleary states in numbers (very transparent) how sure it is and there is no error in interpreting what the LLM means with its certaincy level.","Yes it does, as usually hallucination is a severe problem in LLMs, that dont have the feature to alert you of uncertaincy. However it makes less confident aswell as it shows how ""certain"" the answer sounds to find out later the LLM is only 30% sure of that. ",4,
2025-12-25 12:34:58,2025-12-25 12:49:58,IP Address,100,899,True,2025-12-25 12:49:58,R_2cBJ9lvEgaVsSof,anonymous,EN-GB,"Yes, I agree",Three versions; the uncertainty is shown in different formats,5f2fc4d70200693ce9315c91,34,Male,Master's degree or higher,Daily,Detractor,6,Detractor,3,Detractor,6,Verbal,Strongly Agree,Neither Agree nor Disagree,Neither Agree nor Disagree,Neither Agree nor Disagree,Neither Agree nor Disagree,Neither Agree nor Disagree,Neither Agree nor Disagree,Disagree,Disagree,Neither Agree nor Disagree,Neither Agree nor Disagree,Disagree,Disagree,,Agree,Numerical/Percentage,Neither Agree nor Disagree,Neither Agree nor Disagree,Neither Agree nor Disagree,Somewhat Disagree,Somewhat Disagree,Neither Agree nor Disagree,Somewhat Agree,Somewhat Agree,Somewhat Agree,Disagree,Somewhat Agree,Somewhat Agree,,Somewhat Agree,Visual/Colour,Neither Agree nor Disagree,Neither Agree nor Disagree,Neither Agree nor Disagree,Neither Agree nor Disagree,Neither Agree nor Disagree,Neither Agree nor Disagree,Neither Agree nor Disagree,Neither Agree nor Disagree,Somewhat Agree,Neither Agree nor Disagree,Disagree,Disagree,,Somewhat Agree,Indifferent,I preferred the numeric one becuase it gave degrees of uncertainty,I prefer the numeric one because it gives degrees of uncertainty,Not really,4,N_Vi_V
2025-12-25 12:26:55,2025-12-25 12:53:06,IP Address,100,1571,True,2025-12-25 12:53:06,R_86IdscAJjXOSich,anonymous,EN-GB,"Yes, I agree",Three versions; the uncertainty is shown in different formats,63fbd3e8b4865c6e1fb04614,24,Male,Bachelor's degree,Daily,Passive,8,Passive,7,Promoter,9,Verbal,Strongly Agree,Agree,Somewhat Agree,Somewhat Disagree,Agree,Somewhat Agree,Agree,Somewhat Disagree,Somewhat Agree,Somewhat Agree,Neither Agree nor Disagree,Agree,Neither Agree nor Disagree,NA,Somewhat Agree,Numerical/Percentage,Somewhat Agree,Neither Agree nor Disagree,Somewhat Agree,Agree,Somewhat Agree,Somewhat Agree,Neither Agree nor Disagree,Agree,Agree,Strongly Agree,Somewhat Agree,Agree,NA,Somewhat Agree,Visual/Colour,Somewhat Disagree,Agree,Neither Agree nor Disagree,Neither Agree nor Disagree,Agree,Somewhat Disagree,Somewhat Agree,Somewhat Agree,Somewhat Agree,Somewhat Disagree,Strongly Agree,Somewhat Agree,NA,Agree,Yes,Visual mainly due to the format.,Verbal since it is the most reliable for me,Yes as it gives me more ways to align with certain outputs,2,V_Vi_N
2025-12-25 12:21:07,2025-12-25 13:00:29,IP Address,100,2362,True,2025-12-25 13:00:30,R_2FJTsUkXCsBH6q9,anonymous,EN-GB,"Yes, I agree",Three versions; the uncertainty is shown in different formats,6914d4778fed31da9478c2cd,36,Male,High School,Daily,Detractor,6,Detractor,3,Passive,7,Verbal,Strongly Agree,Strongly Agree,Agree,Agree,Agree,Agree,Strongly Agree,Strongly Agree,Agree,Agree,Somewhat Agree,Strongly Agree,Agree,This was the certainty that i missed about the first one. It just feels more personaly and safe,Agree,Numerical/Percentage,Neither Agree nor Disagree,Agree,Somewhat Agree,Somewhat Agree,Agree,Agree,Strongly Agree,Agree,Agree,Agree,Strongly Agree,Agree,"Never had the % option before, but seems like a good idea to show me, if i should double check my informations.",Strongly Agree,Numerical/Percentage,Somewhat Disagree,Neither Agree nor Disagree,Somewhat Agree,Somewhat Agree,Somewhat Agree,Somewhat Agree,Disagree,Somewhat Disagree,Somewhat Agree,Somewhat Disagree,Somewhat Agree,Somewhat Disagree,"The Chatbot should be tell me often stuff like ""i think this is the shortest rout"" or ""this could be.."". ",Somewhat Agree,Yes,"I think i would prefer the % Format, since it shows me clearly and fast, if there is a uncertainty and if i should double check my informations","Same here, i would use the % format, simply because i can see fast enough if i can trust the answer.",Yes,5,Vi_V_N
2025-12-25 12:57:54,2025-12-25 13:03:38,IP Address,100,344,True,2025-12-25 13:03:39,R_25vAyv1L0ROodS9,anonymous,EN-GB,"Yes, I agree",Three versions; the uncertainty is shown in different formats,6930a0c703b5a741e4d9ea9a,20,Male,High School,Daily,Passive,8,Promoter,9,Passive,8,Verbal,Strongly Agree,Somewhat Agree,Agree,Agree,Agree,Somewhat Agree,Somewhat Agree,Somewhat Agree,Neither Agree nor Disagree,Neither Agree nor Disagree,Somewhat Agree,Agree,Somewhat Agree,,Somewhat Agree,Verbal,Agree,Somewhat Agree,Somewhat Agree,Somewhat Agree,Somewhat Disagree,Somewhat Agree,Agree,Somewhat Agree,Neither Agree nor Disagree,Agree,Somewhat Disagree,Somewhat Disagree,,Neither Agree nor Disagree,Verbal,Somewhat Disagree,Disagree,Disagree,Strongly Disagree,Disagree,Disagree,Disagree,Disagree,Disagree,Strongly Disagree,Somewhat Disagree,Disagree,,Disagree,Yes,"I prefer color-coded text (e.g., highlighting uncertain parts in yellow or orange). It allows for quick scanning without breaking the flow of reading. As a student, I need to see at a glance which part of a generated explanation or code snippet might be 'hallucinated' or incorrect.","I prefer numerical confidence scores or verbal labels (e.g., 'High Confidence' vs. 'Experimental'). Numbers feel more objective and scientific. Knowing the underlying probability helps me decide whether I can copy-paste a solution for my studies or if I need to double-check the documentation.","Yes, absolutely. It removes the 'black box' feeling. When an AI admits it might be wrong, I trust its 'confident' answers much more. It encourages a critical thinking mindset, which is essential for programming and scientific research, rather than blindly following the AI's output",1,V_N_Vi
2025-12-25 13:30:43,2025-12-25 14:01:05,IP Address,100,1822,True,2025-12-25 14:01:06,R_22DIrYtyyAaQiPq,anonymous,EN-GB,"Yes, I agree",Three versions; the uncertainty is shown in different formats,5ebc0abd2cc5f1054c82a0d7,44,Male,High School,Daily,Promoter,9,Detractor,4,Promoter,9,Verbal,Strongly Agree,Strongly Agree,Strongly Agree,Agree,Strongly Agree,Strongly Agree,Strongly Agree,Strongly Agree,Strongly Agree,Strongly Agree,Strongly Agree,Strongly Agree,Strongly Agree,,Strongly Agree,Numerical/Percentage,Agree,Agree,Neither Agree nor Disagree,Agree,Agree,Agree,Agree,Agree,Somewhat Agree,Somewhat Agree,Strongly Agree,Agree,,Strongly Agree,Visual/Colour,Agree,Agree,Somewhat Agree,Agree,Strongly Agree,Agree,Somewhat Agree,Agree,Agree,Strongly Agree,Neither Agree nor Disagree,Somewhat Disagree,i dont like this one much to be fair i just dont like the colour system,Strongly Agree,Yes,"i mainly use chatgpt in work as it assists me well and i like the layout,percentage indicators work for me best id say as i can easily make quick decisions with the information.",again id say percentages just because i have a clear sign helping me as i get my information,"yes and no it depends what im using the tools for,work or pleasure",3,N_V_Vi
2025-12-25 14:07:16,2025-12-25 14:24:27,IP Address,100,1031,True,2025-12-25 14:24:28,R_38g0S0EHiL6gr4J,anonymous,EN-GB,"Yes, I agree",Three versions; the uncertainty is shown in different formats,67d21364aa4dc87ecd8f3f1b,30,Male,Vocational training,Daily,Promoter,10,Detractor,3,Promoter,10,Verbal,Strongly Agree,Agree,Strongly Agree,Agree,Agree,Agree,Agree,Agree,Agree,Agree,Agree,Agree,Agree,"The verbal uncertainty cues were clear and easy to understand, but adding a brief standardized indicator (such as a short confidence label) could further improve consistency and comparability across answers.",Agree,Verbal,Agree,Strongly Agree,Agree,Agree,Agree,Agree,Agree,Agree,Agree,Agree,Agree,Agree,"The verbal expression of uncertainty was clear and easy to follow. Including a brief, explicit confidence statement at the end of each response could further improve clarity and help users compare answers across different questions.",Agree,Verbal,Agree,Agree,Strongly Agree,Agree,Agree,Agree,Agree,Agree,Agree,Agree,Agree,Agree,"The uncertainty was communicated clearly through wording and context. It was easy to interpret without additional explanation. A short, explicit confidence indicator could further enhance clarity, especially when comparing answers across different topics.",Agree,Yes,"I would prefer verbal uncertainty indicators because they are easy to understand, require no prior explanation, and fit naturally into the flow of an answer without adding visual or numerical complexity.","I would prefer verbal uncertainty indicators because they allow the assistant to explain limitations and assumptions in context, which feels more transparent and nuanced than a single number or color cue.","Yes, because it helps set realistic expectations, supports better judgment of answers, and reduces the risk of over-reliance on potentially uncertain information.",1,V_N_Vi
2025-12-25 14:23:53,2025-12-25 14:38:21,IP Address,100,868,True,2025-12-25 14:38:22,R_8mhmkff2t53JiVk,anonymous,EN-GB,"Yes, I agree",Three versions; the uncertainty is shown in different formats,65e0bee6f886849136294ce0,40,Male,Bachelor's degree,Daily,Passive,7,Detractor,5,Detractor,6,Verbal,Strongly Agree,Somewhat Agree,Neither Agree nor Disagree,Somewhat Agree,Somewhat Agree,Somewhat Agree,Somewhat Agree,Somewhat Disagree,Somewhat Disagree,Somewhat Disagree,Somewhat Disagree,Somewhat Disagree,Somewhat Disagree,,Somewhat Disagree,Numerical/Percentage,Neither Agree nor Disagree,Agree,Neither Agree nor Disagree,Somewhat Agree,Agree,Somewhat Agree,Agree,Somewhat Agree,Somewhat Agree,Neither Agree nor Disagree,Strongly Agree,Strongly Agree,,Strongly Agree,Visual/Colour,Neither Agree nor Disagree,Somewhat Agree,Neither Agree nor Disagree,Somewhat Agree,Somewhat Agree,Neither Agree nor Disagree,Disagree,Disagree,Somewhat Disagree,Somewhat Disagree,Disagree,Strongly Disagree,,Neither Agree nor Disagree,Yes,I would prefer percentage beacaue it gives me the information the quickest way,The Percentage was the most intuitiv represantation,Yes it would because then i can compare the answers better,4,N_Vi_V
2025-12-25 15:11:20,2025-12-25 15:39:44,IP Address,100,1703,True,2025-12-25 15:39:44,R_3fIhZsXDTTn4TSA,anonymous,EN-GB,"Yes, I agree",Three versions; the uncertainty is shown in different formats,694b06297a22368d5c7995eb,44,Male,High School,Daily,Detractor,6,Detractor,6,Detractor,5,Verbal,Strongly Agree,Disagree,Strongly Disagree,Neither Agree nor Disagree,Somewhat Disagree,Neither Agree nor Disagree,Neither Agree nor Disagree,Disagree,Somewhat Disagree,Somewhat Disagree,Disagree,Somewhat Disagree,Disagree,The ETF statement from the LLC didn't feel uncertain to me.,Strongly Agree,Numerical/Percentage,Somewhat Agree,Disagree,Neither Agree nor Disagree,Agree,Agree,Somewhat Agree,Agree,Agree,Agree,Agree,Strongly Agree,Agree,I like the fact it does not give you a false positive and requires you to do further thinking so you don't put all your trust into the LLM.,Somewhat Disagree,Visual/Colour,Somewhat Agree,Somewhat Agree,Neither Agree nor Disagree,Strongly Agree,Agree,Somewhat Agree,Somewhat Agree,Strongly Agree,Agree,Agree,Agree,Agree,The colors of uncertainty are more pleasant and easier on the easy than the numbers.,Strongly Agree,Yes,"The visual/color indicator, it's easier on the eyes and simple and quick. Red, yellow, green, no thinking involved.","For trustworthiness, I'd need the percent numbers, something for directions can't be trusted with colors.","Yes they do, I'd know the LLM is not being overconfident and I need to do a little more research.",3,N_V_Vi
2025-12-25 16:19:09,2025-12-25 16:40:17,IP Address,100,1268,True,2025-12-25 16:40:17,R_8B3g4H2w5hYy8ZL,anonymous,EN-GB,"Yes, I agree",Three versions; the uncertainty is shown in different formats,65d2157313d9c8026aa915c7,36,Male,Bachelor's degree,Several times a week,Passive,7,Passive,8,Detractor,4,Verbal,Strongly Agree,Neither Agree nor Disagree,Somewhat Agree,Somewhat Agree,Somewhat Disagree,Somewhat Agree,Somewhat Agree,Neither Agree nor Disagree,Somewhat Agree,Somewhat Disagree,Somewhat Disagree,Neither Agree nor Disagree,Neither Agree nor Disagree,The verbal form is uncertain if not mention when it is certain somehow.,Agree,Numerical/Percentage,Somewhat Agree,Somewhat Agree,Neither Agree nor Disagree,Agree,Agree,Agree,Agree,Agree,Neither Agree nor Disagree,Somewhat Agree,Agree,Agree,,Agree,Visual/Colour,Agree,Agree,Agree,Agree,Strongly Agree,Strongly Agree,Strongly Agree,Strongly Agree,Strongly Agree,Strongly Agree,Strongly Agree,Strongly Agree,The colors are more vague and better to interpret as numbers.,Strongly Agree,Yes,Colors,Colors,Somehow not if certain answers are not mentioned.,4,N_Vi_V
2025-12-25 16:41:26,2025-12-25 16:59:18,IP Address,100,1072,True,2025-12-25 16:59:19,R_5U2EeCThmF4rYul,anonymous,EN-GB,"Yes, I agree",Three versions; the uncertainty is shown in different formats,5f66893ee1a5b726ff88b66f,39,Male,High School,Several times a week,Passive,7,Detractor,3,Passive,7,Verbal,Strongly Agree,Somewhat Agree,Somewhat Agree,Somewhat Agree,Somewhat Agree,Somewhat Agree,Somewhat Agree,Somewhat Agree,Somewhat Agree,Somewhat Agree,Somewhat Agree,Somewhat Agree,Somewhat Agree,,Neither Agree nor Disagree,Numerical/Percentage,Agree,Agree,Strongly Agree,Strongly Agree,Strongly Agree,Strongly Agree,Strongly Agree,Strongly Agree,Strongly Agree,Strongly Agree,Agree,Strongly Agree,,Strongly Agree,Visual/Colour,Somewhat Agree,Somewhat Agree,Somewhat Agree,Somewhat Agree,Somewhat Agree,Somewhat Agree,Somewhat Agree,Agree,Somewhat Agree,Somewhat Agree,Somewhat Agree,Somewhat Agree,,Somewhat Agree,Yes,Numerical because it is very easy to see and understand,Numerical because I can see a number and that helps me understand how confident the model is,Yes so I know if they know what they are talking about.,2,V_Vi_N
2025-12-25 16:20:28,2025-12-25 17:01:11,IP Address,100,2442,True,2025-12-25 17:01:12,R_3fdnhJVve8QWaGp,anonymous,EN-GB,"Yes, I agree",Three versions; the uncertainty is shown in different formats,67e1da8a432675c0e850e8d1,42,Female,Master's degree or higher,Daily,Detractor,6,Detractor,1,Passive,8,Verbal,Strongly Agree,Agree,Agree,Agree,Agree,Agree,Agree,Agree,Agree,Agree,Agree,Agree,Agree,I am satisfied,Agree,Numerical/Percentage,Agree,Agree,Agree,Agree,Agree,Agree,Agree,Agree,Agree,Agree,Agree,Agree,It is very nice,Agree,Visual/Colour,Agree,Agree,Agree,Agree,Agree,Agree,Agree,Agree,Agree,Agree,Agree,Agree,It is very swift and perfect,Agree,Yes,Uncertainty because it was so swift and not biased,uncertainty indicators,"Of course, so well",6,Vi_N_V
2025-12-25 16:49:07,2025-12-25 17:10:26,IP Address,100,1278,True,2025-12-25 17:10:26,R_2xBz6SiN6okKhqN,anonymous,EN-GB,"Yes, I agree",Three versions; the uncertainty is shown in different formats,63d50bed33ba8cb1b9794938,30,Male,High School,Several times a week,Detractor,5,Detractor,3,Detractor,5,Verbal,Strongly Agree,Somewhat Agree,Somewhat Agree,Somewhat Agree,Somewhat Agree,Somewhat Agree,Somewhat Agree,Somewhat Agree,Somewhat Agree,Somewhat Agree,Somewhat Agree,Somewhat Agree,Somewhat Agree,"prefer this to no uncertainty expression, but prefer numerical, or even visual, for the clarity ",Somewhat Agree,Numerical/Percentage,Somewhat Agree,Somewhat Agree,Somewhat Agree,Somewhat Agree,Somewhat Agree,Somewhat Agree,Somewhat Agree,Somewhat Agree,Somewhat Agree,Somewhat Agree,Agree,Agree,,Agree,Numerical/Percentage,Somewhat Agree,Somewhat Agree,Somewhat Agree,Somewhat Agree,Somewhat Agree,Somewhat Agree,Somewhat Agree,Somewhat Agree,Somewhat Agree,Somewhat Agree,Somewhat Agree,Somewhat Agree,"preferred numerical as it's capable of a wider range and more specific, fine-tuned answers",Somewhat Agree,Yes,"numerical as it's the most clear and precise ","numerical as it's the most clear and precise ","it does, feels like truth is the most important, rather than being right",4,N_Vi_V
2025-12-25 17:11:48,2025-12-25 17:20:10,IP Address,100,501,True,2025-12-25 17:20:10,R_8X34XcVkgQSgQKZ,anonymous,EN-GB,"Yes, I agree",Three versions; the uncertainty is shown in different formats,672b44479e02ee677d857844,38,Female,Master's degree or higher,Several times a week,Detractor,4,Detractor,6,Detractor,5,Verbal,Strongly Agree,Strongly Agree,Strongly Agree,Strongly Agree,Agree,Agree,Disagree,Strongly Agree,Disagree,Agree,Somewhat Agree,Strongly Agree,Disagree,none,Agree,Numerical/Percentage,Agree,Strongly Agree,Strongly Agree,Somewhat Agree,Strongly Agree,Somewhat Agree,Somewhat Agree,Somewhat Agree,Agree,Agree,Strongly Agree,Somewhat Agree,none,Agree,Verbal,Strongly Agree,Strongly Agree,Agree,Agree,Strongly Agree,Agree,Somewhat Disagree,Agree,Agree,Agree,Somewhat Agree,Disagree,None,Somewhat Agree,No,I prefer to use Chatgpt because I personally find it a bit more reliable than Gemini,"Chatgpt because I find it more trustworthy ",Yes a little,6,Vi_N_V
2025-12-25 17:01:18,2025-12-25 17:34:26,IP Address,100,1987,True,2025-12-25 17:34:27,R_25tPfpmkCYOtW7I,anonymous,EN-GB,"Yes, I agree",Three versions; the uncertainty is shown in different formats,647869e6f69318bacc341d53,51,Female,Bachelor's degree,Several times a week,Detractor,6,Detractor,4,Passive,7,Verbal,Strongly Agree,Neither Agree nor Disagree,Neither Agree nor Disagree,Neither Agree nor Disagree,Neither Agree nor Disagree,Neither Agree nor Disagree,Neither Agree nor Disagree,Disagree,Disagree,Somewhat Disagree,Disagree,Disagree,Disagree,,Somewhat Agree,Numerical/Percentage,Neither Agree nor Disagree,Somewhat Agree,Neither Agree nor Disagree,Neither Agree nor Disagree,Agree,Somewhat Agree,Somewhat Agree,Agree,Agree,Somewhat Agree,Agree,Agree,,Agree,Visual/Colour,Neither Agree nor Disagree,Neither Agree nor Disagree,Neither Agree nor Disagree,Neither Agree nor Disagree,Neither Agree nor Disagree,Neither Agree nor Disagree,Disagree,Disagree,Disagree,Somewhat Disagree,Disagree,Disagree,,Somewhat Agree,Yes,numerical as you can quickly see the accuracy level,the numerical as they are more easy to interpret and seem more accurate,yes as it gives you an indication as to whether you need to verify the information,3,N_V_Vi
2025-12-25 17:22:01,2025-12-25 17:39:09,IP Address,100,1028,True,2025-12-25 17:39:10,R_2ow2QrLPyO62AHt,anonymous,EN-GB,"Yes, I agree",Three versions; the uncertainty is shown in different formats,631610af8e747093cd90e00d,41,Female,High School,Several times a week,Detractor,5,Promoter,9,Detractor,1,Verbal,Strongly Agree,Somewhat Disagree,Neither Agree nor Disagree,Disagree,Neither Agree nor Disagree,Somewhat Disagree,Neither Agree nor Disagree,Disagree,Disagree,Somewhat Disagree,Somewhat Disagree,Neither Agree nor Disagree,Neither Agree nor Disagree,,Strongly Agree,Numerical/Percentage,Neither Agree nor Disagree,Neither Agree nor Disagree,Neither Agree nor Disagree,Somewhat Agree,Agree,Neither Agree nor Disagree,Neither Agree nor Disagree,Somewhat Agree,Agree,Neither Agree nor Disagree,Agree,Somewhat Agree,,Strongly Agree,Visual/Colour,Neither Agree nor Disagree,Neither Agree nor Disagree,Neither Agree nor Disagree,Somewhat Agree,Somewhat Agree,Somewhat Agree,Somewhat Agree,Somewhat Agree,Somewhat Agree,Neither Agree nor Disagree,Somewhat Agree,Somewhat Agree,,Strongly Agree,Yes,Colours give the idea of the confidence level without relying on verbal interpretation,"Numerical, as it provides a concrete level of certainty","Yes, because it gives me a better idea of how trustworthy the response is to me",1,V_N_Vi
2025-12-25 17:34:07,2025-12-25 17:50:14,IP Address,100,966,True,2025-12-25 17:50:15,R_2rUNwFNHUVDEK9c,anonymous,EN-GB,"Yes, I agree",Three versions; the uncertainty is shown in different formats,6551469abe377d3646c6cd6e,24,Male,Bachelor's degree,Several times a week,Detractor,4,Detractor,6,Detractor,4,Numerical/Percentage,Strongly Agree,Agree,Agree,Somewhat Disagree,Agree,Agree,Somewhat Agree,Somewhat Agree,Strongly Agree,Agree,Agree,Agree,Somewhat Agree,,Somewhat Agree,Visual/Colour,Agree,Somewhat Agree,Somewhat Agree,Agree,Agree,Somewhat Agree,Agree,Somewhat Agree,Somewhat Agree,Somewhat Agree,Agree,Somewhat Agree,,Somewhat Agree,Verbal,Neither Agree nor Disagree,Somewhat Disagree,Disagree,Somewhat Disagree,Somewhat Agree,Somewhat Disagree,Somewhat Disagree,Neither Agree nor Disagree,Somewhat Disagree,Neither Agree nor Disagree,Somewhat Disagree,Somewhat Disagree,,Somewhat Agree,Yes,to give an indicator as it would tell me if i should trust it more or not.,the same format as it is productive and can help a lot more than without,"yes, it improves effectiveness and improves work productiveness",5,Vi_V_N
2025-12-25 17:37:57,2025-12-25 17:59:49,IP Address,100,1311,True,2025-12-25 17:59:50,R_8Gwe1SnSxOwAEPj,anonymous,EN-GB,"Yes, I agree",Three versions; the uncertainty is shown in different formats,651abcc13ecbad9f2062ac4f,58,Male,High School,Daily,Detractor,5,Detractor,3,Passive,7,Verbal,Strongly Agree,Somewhat Agree,Strongly Agree,Strongly Agree,Somewhat Agree,Somewhat Agree,Somewhat Agree,Somewhat Agree,Somewhat Agree,Somewhat Agree,Agree,Somewhat Agree,Somewhat Agree,,Somewhat Agree,Verbal,Strongly Agree,Strongly Agree,Strongly Agree,Strongly Agree,Strongly Agree,Strongly Agree,Strongly Agree,Strongly Agree,Strongly Agree,Strongly Agree,Agree,Strongly Agree,,Agree,Verbal,Strongly Agree,Strongly Agree,Strongly Agree,Strongly Agree,Strongly Agree,Strongly Agree,Strongly Agree,Strongly Agree,Strongly Agree,Strongly Agree,Strongly Agree,Strongly Agree,,Agree,Yes,verbal communication,a percentage of certainty,"middle of the road, as not sure if I am more or less confident.",4,N_Vi_V
2025-12-25 17:52:02,2025-12-25 18:16:36,IP Address,100,1473,True,2025-12-25 18:16:36,R_3udFPkMZGtp83jX,anonymous,EN-GB,"Yes, I agree",Three versions; the uncertainty is shown in different formats,615e420a23219efe3427a367,69,Female,Bachelor's degree,Several times a week,Passive,8,Detractor,0,Passive,8,Numerical/Percentage,Strongly Agree,Agree,Agree,Agree,Strongly Agree,Strongly Agree,Strongly Agree,Strongly Agree,Strongly Agree,Strongly Agree,Strongly Agree,Strongly Agree,Strongly Agree,None,Strongly Agree,Numerical/Percentage,Strongly Agree,Agree,Somewhat Agree,Strongly Agree,Strongly Agree,Strongly Agree,Strongly Agree,Strongly Agree,Strongly Agree,Strongly Agree,Strongly Agree,Strongly Agree,"There was text, color and percentage listed in this response.",Strongly Agree,Visual/Colour,Agree,Strongly Agree,Somewhat Agree,Agree,Strongly Agree,Strongly Agree,Agree,Agree,Agree,Agree,Somewhat Agree,Somewhat Agree,Hard to know exactly what percentages were represented by the blinking colors.,Neither Agree nor Disagree,Yes,"Percentages, because I feel that this would give the most accurate representation quickly.",The numeric uncertainty was the most trustworthy for me because I knew exactly how certain the LLM was of the answer. Having the verbal uncertainty text just bolded didn't tell me much and the blinking color of the visual uncertainty were not precise.,Yes,3,N_V_Vi
2025-12-25 17:53:54,2025-12-25 18:17:40,IP Address,100,1425,True,2025-12-25 18:17:40,R_2tvHHQLThDbiygF,anonymous,EN-GB,"Yes, I agree",Three versions; the uncertainty is shown in different formats,672e524cbe4d6b938fc557b1,34,Female,Bachelor's degree,Daily,Detractor,5,Detractor,4,Detractor,5,Numerical/Percentage,Strongly Agree,Somewhat Disagree,Neither Agree nor Disagree,Somewhat Disagree,Somewhat Agree,Somewhat Disagree,Somewhat Disagree,Neither Agree nor Disagree,Neither Agree nor Disagree,Neither Agree nor Disagree,Somewhat Agree,Somewhat Agree,Somewhat Disagree,,Neither Agree nor Disagree,Visual/Colour,Somewhat Agree,Neither Agree nor Disagree,Neither Agree nor Disagree,Neither Agree nor Disagree,Neither Agree nor Disagree,Somewhat Agree,Neither Agree nor Disagree,Somewhat Agree,Neither Agree nor Disagree,Somewhat Agree,Somewhat Agree,Neither Agree nor Disagree,,Somewhat Disagree,Numerical/Percentage,Somewhat Agree,Somewhat Disagree,Somewhat Disagree,Neither Agree nor Disagree,Somewhat Disagree,Neither Agree nor Disagree,Somewhat Disagree,Somewhat Agree,Neither Agree nor Disagree,Somewhat Disagree,Somewhat Disagree,Somewhat Disagree,,Neither Agree nor Disagree,Yes,Prompts. This will help the LLM interfaces,Direct prompts and consistency. It will give more information and ideas,More likely,5,Vi_V_N
2025-12-25 18:21:29,2025-12-25 18:26:11,IP Address,100,281,True,2025-12-25 18:26:12,R_2obDGhYFrHsv1N7,anonymous,EN-GB,"Yes, I agree",Three versions; the uncertainty is shown in different formats,62a1fd297768ca1c93288d11,37,Male,Master's degree or higher,Rarely,Detractor,4,Passive,7,Detractor,2,Verbal,Strongly Agree,Somewhat Disagree,Somewhat Disagree,Somewhat Disagree,Somewhat Disagree,Somewhat Disagree,Neither Agree nor Disagree,Somewhat Disagree,Somewhat Disagree,Somewhat Disagree,Somewhat Disagree,Somewhat Disagree,Somewhat Disagree,,Disagree,Numerical/Percentage,Neither Agree nor Disagree,Somewhat Disagree,Somewhat Disagree,Somewhat Agree,Somewhat Agree,Somewhat Agree,Somewhat Agree,Neither Agree nor Disagree,Somewhat Agree,Somewhat Agree,Somewhat Agree,Somewhat Agree,,Somewhat Agree,Visual/Colour,Somewhat Agree,Somewhat Agree,Neither Agree nor Disagree,Somewhat Agree,Somewhat Agree,Agree,Agree,Agree,Somewhat Agree,Somewhat Agree,Agree,Agree,,Agree,Yes,Percentage - it's clearer,Percentage - seems more transparent,No - doesn't eliminate environmental concerns,3,N_V_Vi
2025-12-25 18:01:25,2025-12-25 18:34:01,IP Address,100,1956,True,2025-12-25 18:34:02,R_7HXKO5ToTOmrsS5,anonymous,EN-GB,"Yes, I agree",Three versions; the uncertainty is shown in different formats,650b03136ab3d4c832d98b71,32,Male,Bachelor's degree,Several times a week,Detractor,5,Detractor,4,Detractor,6,Verbal,Strongly Agree,Agree,Agree,Agree,Strongly Agree,Strongly Agree,Agree,Somewhat Agree,Somewhat Agree,Agree,Agree,Agree,Agree,Using normal words to show doubt makes the advice feel more natural and honest.,Strongly Agree,Numerical/Percentage,Strongly Agree,Strongly Agree,Agree,Agree,Strongly Agree,Strongly Agree,Agree,Agree,Strongly Agree,Strongly Agree,Strongly Agree,Strongly Agree,The percentage score made it very easy to see exactly how much I should trust each answer at a glance.,Strongly Agree,Visual/Colour,Agree,Agree,Somewhat Agree,Agree,Strongly Agree,Agree,Somewhat Agree,Somewhat Agree,Agree,Agree,Agree,Agree,"The assistant used words like ""maybe"" or ""could"" to clearly show when it was unsure, which helped me trust the information more.",Agree,Yes,I like using words because it feels like a normal chat. It is easy to understand without extra clutter on the screen.,Percentages are great because they show exactly how much I should trust the answer. it feels more honest when the AI gives me a clear score.,It helps me trust the AI more because I  know when I should be careful. I don't have to guess as much if the information is right or wrong.,6,Vi_N_V
2025-12-25 18:28:12,2025-12-25 18:51:58,IP Address,100,1425,True,2025-12-25 18:51:59,R_8maGdzgn5YVBJoZ,anonymous,EN-GB,"Yes, I agree",Three versions; the uncertainty is shown in different formats,6883a8504728f57551e8c82b,42,Male,Master's degree or higher,Several times a week,Passive,8,Passive,7,Detractor,6,Verbal,Strongly Agree,Somewhat Agree,Somewhat Agree,Neither Agree nor Disagree,Somewhat Agree,Somewhat Agree,Somewhat Agree,Somewhat Agree,Somewhat Agree,Somewhat Agree,Somewhat Agree,Somewhat Agree,Somewhat Agree,"The verbal explanation was easy to understand, but it would help if uncertainty was stated more explicitly or consistently.",Somewhat Agree,Verbal,Somewhat Agree,Somewhat Agree,Somewhat Agree,Somewhat Agree,Somewhat Agree,Somewhat Agree,Somewhat Agree,Somewhat Agree,Somewhat Agree,Somewhat Agree,Somewhat Agree,Somewhat Agree,,Somewhat Agree,Verbal,Agree,Agree,Somewhat Agree,Agree,Agree,Somewhat Agree,Agree,Somewhat Agree,Agree,Agree,Somewhat Agree,Agree,,Agree,Yes,"Verbal, because it feels natural to read and easy to understand without extra effort.","Verbal, because explanations in words make the limits and reasoning feel more transparent and human.",Yes,1,V_N_Vi
2025-12-25 18:25:05,2025-12-25 19:03:35,IP Address,100,2310,True,2025-12-25 19:03:36,R_5BVlkMUPfJXCzc7,anonymous,EN-GB,"Yes, I agree",Three versions; the uncertainty is shown in different formats,683cbc0c0c2d722831c8bc17,49,Female,Master's degree or higher,Daily,Promoter,10,Detractor,1,Passive,8,Verbal,Strongly Agree,Agree,Agree,Agree,Agree,Agree,Agree,Agree,Agree,Agree,Agree,Agree,Agree,,Agree,Numerical/Percentage,Agree,Agree,Agree,Agree,Strongly Agree,Agree,Agree,Agree,Agree,Agree,Agree,Agree,,Agree,Visual/Colour,Agree,Agree,Agree,Agree,Agree,Agree,Agree,Agree,Agree,Agree,Strongly Agree,Strongly Agree,,Strongly Agree,Yes,"I prefer Numeric LLM Uncertainty Assistant because I trust numbers more ",I'd prefer the numeric assistant because the numbers make it seem more reliable,Yes,2,V_Vi_N
2025-12-25 18:53:31,2025-12-25 19:12:47,IP Address,100,1155,True,2025-12-25 19:12:47,R_2W5G99t42XYCff3,anonymous,EN-GB,"Yes, I agree",Three versions; the uncertainty is shown in different formats,6883a8504728f57551e8c82b,42,Male,Master's degree or higher,Several times a week,Passive,8,Passive,7,Detractor,6,Verbal,Strongly Agree,Agree,Agree,Somewhat Agree,Agree,Somewhat Agree,Somewhat Agree,Somewhat Agree,Agree,Somewhat Agree,Agree,Agree,Agree,,Agree,Numerical/Percentage,Agree,Agree,Somewhat Agree,Agree,Agree,Agree,Agree,Agree,Agree,Agree,Agree,Agree,"The percentage indicator was easy to notice and quick to interpret, but a short explanation of what the number represents would increase clarity.",Agree,Visual/Colour,Agree,Agree,Somewhat Agree,Agree,Agree,Agree,Agree,Agree,Agree,Agree,Agree,Agree,,Agree,Yes,"Verbal, because it fits naturally into reading the answer and does not require extra interpretation or mental effort.","Verbal, because written explanations make it easier to understand limits, assumptions, and reasoning behind the answer.",Yes,4,N_Vi_V
2025-12-25 18:58:08,2025-12-25 19:21:04,IP Address,100,1376,True,2025-12-25 19:21:05,R_72FMSR5hyIu5SWb,anonymous,EN-GB,"Yes, I agree",Three versions; the uncertainty is shown in different formats,610ab785360bcd633fb5b0d6,23,Female,Bachelor's degree,Daily,Passive,7,Detractor,6,Passive,7,Verbal,Strongly Agree,Agree,Strongly Agree,Agree,Strongly Agree,Strongly Agree,Agree,Strongly Agree,Strongly Agree,Strongly Agree,Strongly Agree,Strongly Agree,Strongly Agree,,Strongly Agree,Numerical/Percentage,Agree,Strongly Agree,Somewhat Agree,Agree,Agree,Agree,Agree,Agree,Agree,Strongly Agree,Strongly Agree,Agree,"It would be helpful if the AI showed a small disclaimer explaining how they came up with the percentage. ",Agree,Visual/Colour,Somewhat Agree,Strongly Agree,Agree,Agree,Agree,Somewhat Agree,Somewhat Disagree,Somewhat Agree,Somewhat Agree,Somewhat Agree,Somewhat Disagree,Somewhat Disagree,"I don't think the colored circles beaming behind the AI profile were necessary, there should be a different visual representation, with more colors and a key for the interpretations. ",Somewhat Agree,Yes,"The numeric one makes the most sense because it reduces words and length of the answer, making it easier for the user to read. The number makes it easier for the user to digest and understand the percentage of how accurate/inaccurate an answer is. ","The verbal one sticks out in terms of trustworthiness since the AI took its time to provide a detailed answer with words that help the user understand the uncertainty of an answer. ","Yes, because it allows me to either accept an answer fully if the uncertainty level is low, or it will make me aware that I might need to research more to get a better answer.",5,Vi_V_N
2025-12-25 19:13:34,2025-12-25 19:31:24,IP Address,100,1069,True,2025-12-25 19:31:24,R_2rrPOOf913Wv4TD,anonymous,EN-GB,"Yes, I agree",Three versions; the uncertainty is shown in different formats,58c8497430c4cf0001ce9caf,46,Male,Bachelor's degree,Daily,Passive,7,Detractor,6,Detractor,5,Verbal,Strongly Agree,Disagree,Somewhat Disagree,Neither Agree nor Disagree,Somewhat Disagree,Somewhat Agree,Agree,Somewhat Disagree,Somewhat Disagree,Somewhat Disagree,Disagree,Somewhat Disagree,Disagree,,Disagree,Numerical/Percentage,Agree,Agree,Somewhat Disagree,Agree,Agree,Somewhat Agree,Agree,Agree,Somewhat Agree,Agree,Agree,Agree,,Agree,Visual/Colour,Somewhat Disagree,Somewhat Disagree,Somewhat Disagree,Somewhat Disagree,Somewhat Agree,Somewhat Disagree,Somewhat Agree,Disagree,Somewhat Disagree,Somewhat Disagree,Somewhat Disagree,Somewhat Disagree,,Disagree,Yes,Numerical / percentage,numerical and percentage based as they are easier to grasp,yes,1,V_N_Vi
2025-12-25 19:23:48,2025-12-25 19:46:33,IP Address,100,1364,True,2025-12-25 19:46:33,R_8EWGaJwy4zMkAxB,anonymous,EN-GB,"Yes, I agree",Three versions; the uncertainty is shown in different formats,5e9ffa9ee172201b04f1a4c6,43,Female,Bachelor's degree,Daily,Passive,7,Detractor,5,Passive,8,Verbal,Strongly Agree,Agree,Agree,Agree,Agree,Agree,Agree,Agree,Agree,Agree,Agree,Agree,Agree,It was very helpful and honest in its answers,Agree,Numerical/Percentage,Agree,Agree,Somewhat Agree,Strongly Agree,Strongly Agree,Agree,Strongly Agree,Strongly Agree,Strongly Agree,Strongly Agree,Strongly Agree,Agree,This was the clearest of all models,Agree,Visual/Colour,Somewhat Agree,Agree,Somewhat Agree,Somewhat Disagree,Somewhat Disagree,Neither Agree nor Disagree,Somewhat Disagree,Neither Agree nor Disagree,Neither Agree nor Disagree,Somewhat Disagree,Somewhat Disagree,Neither Agree nor Disagree,"It only expressed uncertainty on the last answer, where it admitted it didn’t know for certain",Somewhat Disagree,Yes,I prefer the numeric model. I think it is much clearer to understand.,"Numeric as it seems more definite and sure ","Yes, I never really consider that it might uncertain. However, it is useful to know.",5,Vi_V_N
2025-12-25 19:23:52,2025-12-25 19:49:41,IP Address,100,1548,True,2025-12-25 19:49:42,R_7aeWYYFXOqAIrPH,anonymous,EN-GB,"Yes, I agree",Three versions; the uncertainty is shown in different formats,6637b21240220c2517fffa1a,62,Female,High School,Daily,Passive,8,Detractor,2,Passive,7,Verbal,Strongly Agree,Somewhat Agree,Somewhat Agree,Neither Agree nor Disagree,Agree,Agree,Somewhat Agree,Neither Agree nor Disagree,Agree,Somewhat Agree,Somewhat Agree,Agree,Agree,,Strongly Agree,Numerical/Percentage,Neither Agree nor Disagree,Agree,Neither Agree nor Disagree,Agree,Agree,Somewhat Agree,Somewhat Agree,Somewhat Agree,Agree,Somewhat Agree,Strongly Agree,Agree,,Agree,Visual/Colour,Somewhat Agree,Somewhat Agree,Somewhat Disagree,Neither Agree nor Disagree,Neither Agree nor Disagree,Neither Agree nor Disagree,Neither Agree nor Disagree,Somewhat Disagree,Somewhat Disagree,Neither Agree nor Disagree,Disagree,Neither Agree nor Disagree,"I was uncertain, especially at first, at what the colors meant. I would've liked a legend or color key so I understood after the first question what the colors meant.",Somewhat Disagree,Yes,"I strongly preferred both the numerical and the verbal, with a slight preference for the numerical. I liked the percentages because it seemed very specific and accurate. ","Numerical. It gave me a lot of information and the percentages told me if I need to look up more information or verify with other sources. ","YES. I loved it.  Only in the last few weeks have I got wrong info from ChatGPT, so this topic is very relevant to me and important to me. ",4,N_Vi_V
2025-12-25 23:18:24,2025-12-25 23:39:56,IP Address,100,1291,True,2025-12-25 23:39:56,R_8EhXBEGgFEzp9QJ,anonymous,EN-GB,"Yes, I agree",Three versions; the uncertainty is shown in different formats,6941ba7773700f50256ddafe,29,Female,Master's degree or higher,Daily,Passive,8,Passive,7,Detractor,5,Verbal,Strongly Agree,Somewhat Disagree,Somewhat Disagree,Somewhat Disagree,Somewhat Disagree,Somewhat Disagree,Somewhat Disagree,Somewhat Disagree,Somewhat Disagree,Disagree,Somewhat Disagree,Somewhat Disagree,Strongly Disagree,,Somewhat Agree,Numerical/Percentage,Somewhat Disagree,Somewhat Disagree,Somewhat Disagree,Somewhat Agree,Somewhat Agree,Somewhat Agree,Somewhat Agree,Somewhat Agree,Somewhat Agree,Somewhat Agree,Somewhat Agree,Somewhat Agree,,Somewhat Agree,Visual/Colour,Somewhat Disagree,Somewhat Disagree,Somewhat Disagree,Somewhat Disagree,Somewhat Disagree,Somewhat Disagree,Somewhat Agree,Neither Agree nor Disagree,Somewhat Agree,Somewhat Disagree,Somewhat Agree,Somewhat Disagree,,Somewhat Agree,Yes,"Percentage, as it is less qualitative and more quantitative.","Once again percentage, as it gives more confidence to the answer provided.","Slightly more confident. Still, the best format for everyday use is when the LLM provides reputable references and sources that you can check yourself.",3,N_V_Vi
2025-12-25 23:18:16,2025-12-25 23:41:58,IP Address,100,1422,True,2025-12-25 23:41:59,R_3YiJ6m4HDeJ0Se5,anonymous,EN-GB,"Yes, I agree",Three versions; the uncertainty is shown in different formats,6142583049e8aba35814f68a,37,Female,Bachelor's degree,Daily,Passive,7,Passive,7,Passive,8,Verbal,Strongly Agree,Somewhat Agree,Agree,Agree,Agree,Somewhat Agree,Somewhat Agree,Somewhat Agree,Somewhat Agree,Somewhat Agree,Somewhat Agree,Somewhat Disagree,Somewhat Disagree,n/a,Somewhat Agree,Numerical/Percentage,Agree,Agree,Agree,Agree,Agree,Agree,Agree,Agree,Agree,Agree,Agree,Agree,n/a,Agree,Verbal,Agree,Agree,Agree,Strongly Agree,Strongly Agree,Agree,Strongly Agree,Agree,Agree,Agree,Agree,Agree,n/a,Agree,Yes,The numerical one is easier to understand.,"The numerical one is easier to understand, so there's no confusion about uncertainty.",Yes,6,Vi_N_V
2025-12-25 23:17:45,2025-12-25 23:42:40,IP Address,100,1494,True,2025-12-25 23:42:41,R_5ruIHgUE0gxa6pV,anonymous,EN-GB,"Yes, I agree",Three versions; the uncertainty is shown in different formats,664b8bef90cdb799d4c4c35d,31,Male,Bachelor's degree,Daily,Passive,8,Passive,7,Passive,8,Verbal,Strongly Agree,Agree,Agree,Agree,Agree,Strongly Agree,Agree,Strongly Agree,Strongly Agree,Agree,Strongly Agree,Agree,Agree,none,Strongly Agree,Numerical/Percentage,Agree,Agree,Strongly Agree,Strongly Agree,Agree,Strongly Agree,Strongly Agree,Agree,Strongly Agree,Strongly Agree,Agree,Agree,none,Strongly Agree,Numerical/Percentage,Agree,Strongly Agree,Strongly Agree,Agree,Agree,Strongly Agree,Agree,Strongly Agree,Agree,Agree,Agree,Agree,none,Agree,Yes,"I would prefer the numerical format, because that is the clearest format. ","I would prefer the numerical format. ","Yes, the uncertainty representation makes me more confident in using LLMs.",2,V_Vi_N
2025-12-25 23:45:37,2025-12-26 00:08:26,IP Address,100,1369,True,2025-12-26 00:08:26,R_8gxkCwwnp9F2d9f,anonymous,EN-GB,"Yes, I agree",Three versions; the uncertainty is shown in different formats,6930a93976bef6bc60f05a34,31,Female,Vocational training,Daily,Passive,7,Detractor,5,Detractor,5,Verbal,Strongly Agree,Somewhat Agree,Neither Agree nor Disagree,Neither Agree nor Disagree,Somewhat Agree,Somewhat Agree,Neither Agree nor Disagree,Disagree,Somewhat Disagree,Neither Agree nor Disagree,Neither Agree nor Disagree,Disagree,Disagree,,Somewhat Disagree,Numerical/Percentage,Neither Agree nor Disagree,Agree,Neither Agree nor Disagree,Agree,Strongly Agree,Agree,Agree,Strongly Agree,Agree,Agree,Strongly Agree,Strongly Agree,,Strongly Agree,Visual/Colour,Neither Agree nor Disagree,Neither Agree nor Disagree,Neither Agree nor Disagree,Agree,Somewhat Agree,Agree,Agree,Agree,Somewhat Agree,Somewhat Agree,Agree,Somewhat Agree,,Agree,Yes,"Percentage, maybe even in combination with color-indicators. Percentages give the most accurate number which I think is best. Sometimes knowing more or less how certain the llm is is enough, so a color would be enough.",In terms of trustworthiness I would prefer percentage so I know as clearly as possible how certain the llm is.,"It would definitely be super helpful to feel more confident, especially when researching scientific facts for my job.",4,N_Vi_V
2025-12-25 23:45:41,2025-12-26 00:12:53,IP Address,100,1632,True,2025-12-26 00:12:54,R_2DNStVub90FC4cf,anonymous,EN-GB,"Yes, I agree",Three versions; the uncertainty is shown in different formats,,38,Male,Master's degree or higher,Daily,Passive,8,Detractor,5,Passive,7,Verbal,Strongly Agree,Neither Agree nor Disagree,Neither Agree nor Disagree,Neither Agree nor Disagree,Agree,Agree,Somewhat Agree,Somewhat Agree,Somewhat Agree,Somewhat Agree,Somewhat Agree,Agree,Somewhat Agree,,Neither Agree nor Disagree,Numerical/Percentage,Agree,Strongly Agree,Somewhat Agree,Agree,Agree,Agree,Agree,Somewhat Agree,Agree,Agree,Agree,Agree,"The percentage based certainty is clear and easy to understand. Adding a brief explanation of what the percentage represents (e.g., confidence vs. probability) could further improve clarity.",Agree,Visual/Colour,Agree,Strongly Agree,Somewhat Agree,Agree,Agree,Agree,Agree,Somewhat Agree,Agree,Agree,Agree,Agree,,Agree,Yes,A simple percentage or low/medium/high confidence label.,A short textual explanation alongside a confidence indicator. The explanation helps justify the uncertainty and shows what factors might affect reliability.,"Yes, because it helps me judge when I can rely on an answer and when I should verify it elsewhere.",2,V_Vi_N
2025-12-26 00:02:08,2025-12-26 00:28:12,IP Address,100,1563,True,2025-12-26 00:28:13,R_202ysd6n1NdKbE9,anonymous,EN-GB,"Yes, I agree",Three versions; the uncertainty is shown in different formats,66704327b46c7665de1190bc,62,Male,High School,About once a week,Detractor,6,Detractor,3,Passive,8,Verbal,Strongly Agree,Agree,Agree,Neither Agree nor Disagree,Agree,Strongly Agree,Agree,Strongly Agree,Agree,Agree,Agree,Strongly Agree,Strongly Agree,,Agree,Numerical/Percentage,Somewhat Agree,Agree,Neither Agree nor Disagree,Agree,Agree,Agree,Somewhat Agree,Somewhat Agree,Somewhat Agree,Somewhat Agree,Agree,Somewhat Agree,,Somewhat Agree,Visual/Colour,Somewhat Agree,Agree,Neither Agree nor Disagree,Agree,Agree,Agree,Agree,Agree,Somewhat Agree,Strongly Agree,Somewhat Agree,Somewhat Agree,,Somewhat Agree,Yes,Verbal,Verbal,A little more confident,6,Vi_N_V
2025-12-26 00:17:36,2025-12-26 00:29:53,IP Address,100,737,True,2025-12-26 00:29:54,R_3L298ickdoc4Twm,anonymous,EN-GB,"Yes, I agree",Three versions; the uncertainty is shown in different formats,56896501d3d6a7000ca23da8,35,Female,High School,Several times a week,Passive,8,Detractor,5,Detractor,5,Verbal,Strongly Agree,Agree,Agree,Agree,Agree,Agree,Agree,Agree,Agree,Agree,Agree,Agree,Agree,It was open and honest about its capabilities which is a positive.,Agree,Numerical/Percentage,Neither Agree nor Disagree,Neither Agree nor Disagree,Neither Agree nor Disagree,Neither Agree nor Disagree,Neither Agree nor Disagree,Neither Agree nor Disagree,Neither Agree nor Disagree,Neither Agree nor Disagree,Neither Agree nor Disagree,Neither Agree nor Disagree,Neither Agree nor Disagree,Neither Agree nor Disagree,,Neither Agree nor Disagree,Visual/Colour,Neither Agree nor Disagree,Somewhat Agree,Somewhat Agree,Somewhat Agree,Somewhat Agree,Somewhat Agree,Somewhat Agree,Somewhat Agree,Somewhat Agree,Neither Agree nor Disagree,Neither Agree nor Disagree,Somewhat Agree,,Neither Agree nor Disagree,Yes,The first one as I found it best to use.,The first one felt most open and natural to me.,"Yes, as it seems more trustworthy by not blindly hallucinating. ",1,V_N_Vi
2025-12-26 00:32:51,2025-12-26 00:58:47,IP Address,100,1555,True,2025-12-26 00:58:47,R_70Pci7pUNT29jcu,anonymous,EN-GB,"Yes, I agree",Three versions; the uncertainty is shown in different formats,5c309bb410677f0001dda0ed,45,Male,Master's degree or higher,Several times a week,Passive,7,Detractor,3,Passive,8,Verbal,Strongly Agree,Agree,Agree,Agree,Agree,Agree,Agree,Agree,Somewhat Agree,Somewhat Agree,Agree,Somewhat Agree,Agree,,Strongly Agree,Numerical/Percentage,Somewhat Agree,Somewhat Agree,Somewhat Agree,Agree,Agree,Strongly Agree,Agree,Strongly Agree,Agree,Agree,Somewhat Agree,Somewhat Agree,"The uncertainty percentage seemed to downplay the accuracy of the text response more than it should. ",Agree,Visual/Colour,Agree,Agree,Agree,Strongly Agree,Somewhat Agree,Somewhat Agree,Strongly Agree,Somewhat Agree,Agree,Strongly Agree,Neither Agree nor Disagree,Somewhat Disagree,"Unable to ascertain which color represented which level of certainty in the answer. Needs a key to show which color means positive and which means negative certainty. Then, it would be a good way to indicate overall certainty in the answer. ",Somewhat Disagree,Indifferent,Color,Numerical,"Yes - if it is explained how we interpret each method of representing uncertainty, then I would be confident in using them. ",4,N_Vi_V
2025-12-26 00:34:57,2025-12-26 00:58:57,IP Address,100,1439,True,2025-12-26 00:58:57,R_2opgICLOcCDcNUE,anonymous,EN-GB,"Yes, I agree",Three versions; the uncertainty is shown in different formats,6683fb1074d2f32d21b99da2,21,Male,Bachelor's degree,Rarely,Detractor,3,Detractor,4,Detractor,3,Verbal,Strongly Agree,Agree,Agree,Agree,Agree,Somewhat Agree,Somewhat Agree,Somewhat Agree,Somewhat Agree,Somewhat Agree,Somewhat Agree,Neither Agree nor Disagree,Somewhat Agree,,Agree,Numerical/Percentage,Somewhat Agree,Agree,Somewhat Agree,Agree,Somewhat Agree,Somewhat Agree,Somewhat Agree,Agree,Somewhat Agree,Somewhat Agree,Agree,Agree,,Somewhat Agree,Visual/Colour,Somewhat Agree,Somewhat Agree,Somewhat Agree,Somewhat Agree,Agree,Neither Agree nor Disagree,Neither Agree nor Disagree,Somewhat Agree,Somewhat Agree,Somewhat Agree,Somewhat Disagree,Neither Agree nor Disagree,,Somewhat Agree,Yes,Percentage cause it's easier to understand,Percentage cause it's easier to understand,Yes,3,N_V_Vi
2025-12-26 00:41:55,2025-12-26 01:05:51,IP Address,100,1435,True,2025-12-26 01:05:51,R_1OMHdFvyxsLFlhr,anonymous,EN-GB,"Yes, I agree",Three versions; the uncertainty is shown in different formats,5a6718c2b9e3b50001a72ff4,39,Female,Bachelor's degree,Several times a week,Passive,7,Passive,8,Passive,7,Verbal,Strongly Agree,Somewhat Agree,Agree,Agree,Somewhat Agree,Somewhat Agree,Somewhat Agree,Somewhat Agree,Agree,Somewhat Agree,Agree,Somewhat Agree,Somewhat Agree,,Somewhat Disagree,Numerical/Percentage,Agree,Somewhat Agree,Somewhat Agree,Agree,Agree,Somewhat Agree,Agree,Agree,Somewhat Agree,Somewhat Agree,Agree,Agree,The only suggestion I have is to keep the uncertainty level for each prompt after a new one gets sent.,Strongly Agree,Verbal,Disagree,Somewhat Agree,Somewhat Disagree,Disagree,Disagree,Somewhat Agree,Somewhat Agree,Somewhat Disagree,Somewhat Disagree,Disagree,Neither Agree nor Disagree,Somewhat Disagree,,Somewhat Agree,Yes,"The numerical, because I like it when everything is in numerical form","For everyday use, I'm fine with either the numerical or the verbal, but mainly the numerical format, because I can process it more easily.","Yes, because I know I can trust the LLM's more, so i know which prompts are better. This feature is probably a really beneficial and sough out for.",6,Vi_N_V
2025-12-26 01:01:19,2025-12-26 01:34:32,IP Address,100,1992,True,2025-12-26 01:34:33,R_2g0wPmVT1ON94Gd,anonymous,EN-GB,"Yes, I agree",Three versions; the uncertainty is shown in different formats,6567ae0e8905da3905e013bf,62,Male,Bachelor's degree,Several times a week,Passive,7,Detractor,2,Passive,8,Verbal,Strongly Agree,Somewhat Agree,Somewhat Agree,Somewhat Agree,Somewhat Disagree,Somewhat Agree,Agree,Somewhat Agree,Agree,Agree,Neither Agree nor Disagree,Agree,Agree,,Agree,Numerical/Percentage,Agree,Agree,Agree,Agree,Agree,Agree,Strongly Agree,Agree,Agree,Strongly Agree,Agree,Agree,,Strongly Agree,Visual/Colour,Somewhat Agree,Somewhat Agree,Agree,Agree,Agree,Somewhat Agree,Agree,Neither Agree nor Disagree,Agree,Agree,Agree,Agree,,Agree,Yes,numeric was easier to understand,numeric as it was easier to see,yes,5,Vi_V_N
2025-12-26 01:02:56,2025-12-26 01:39:46,IP Address,100,2209,True,2025-12-26 01:39:46,R_6umde64rswM6p7H,anonymous,EN-GB,"Yes, I agree",Three versions; the uncertainty is shown in different formats,65a7027c88eae2b9a68ae596,53,Female,Bachelor's degree,Daily,Detractor,6,Detractor,4,Passive,7,Verbal,Strongly Agree,Strongly Agree,Agree,Somewhat Agree,Strongly Agree,Agree,Agree,Somewhat Agree,Strongly Agree,Somewhat Agree,Somewhat Agree,Agree,Agree,It did a good job and was uncertain at times.,Agree,Numerical/Percentage,Agree,Agree,Agree,Strongly Agree,Strongly Agree,Agree,Agree,Agree,Agree,Agree,Strongly Agree,Strongly Agree,The percentage of uncertainty was very helpful.,Strongly Agree,Visual/Colour,Agree,Agree,Agree,Neither Agree nor Disagree,Neither Agree nor Disagree,Somewhat Agree,Somewhat Agree,Somewhat Agree,Somewhat Agree,Somewhat Agree,Somewhat Agree,Agree,This one didn't seem as uncertain but somewhat.,Somewhat Agree,Yes,I like the percentage line given at the bottom because that was the easiest to understand.,I would prefer the percentage line given at the bottom because it stood out and made more of an impression on me. It is more visual and easiest to understand the uncertainty level.,"Yes, knowing if the LLM is confident or uncertain helps a lot.",2,V_Vi_N
2025-12-26 01:35:24,2025-12-26 01:57:38,IP Address,100,1334,True,2025-12-26 01:57:39,R_8CHf20R49XF2ltq,anonymous,EN-GB,"Yes, I agree",Three versions; the uncertainty is shown in different formats,6658b1491e88ec15902d5301,36,Female,Master's degree or higher,Several times a week,Detractor,5,Detractor,4,Detractor,5,Verbal,Agree,Agree,Agree,Somewhat Agree,Strongly Agree,Agree,Agree,Agree,Agree,Agree,Agree,Agree,Agree,N/A,Agree,Numerical/Percentage,Somewhat Agree,Somewhat Agree,Somewhat Agree,Agree,Somewhat Agree,Somewhat Agree,Agree,Somewhat Agree,Somewhat Agree,Somewhat Agree,Neither Agree nor Disagree,Somewhat Agree,N/A,Somewhat Agree,Verbal,Agree,Agree,Neither Agree nor Disagree,Strongly Agree,Strongly Agree,Agree,Somewhat Agree,Somewhat Agree,Agree,Agree,Agree,Agree,N/A,Strongly Agree,Yes,Verbal Uncertainty,Verbal Uncertainty,Absolutely - it's more transparent.,6,Vi_N_V
2025-12-26 01:51:00,2025-12-26 02:21:29,IP Address,100,1828,True,2025-12-26 02:21:29,R_5CZ1a3piXeaiX5u,anonymous,EN-GB,"Yes, I agree",Three versions; the uncertainty is shown in different formats,6444b1e677ebe8b4e2c23abd,54,Female,Master's degree or higher,About once a week,Detractor,6,Detractor,1,Passive,8,Verbal,Strongly Agree,Agree,Somewhat Agree,Neither Agree nor Disagree,Agree,Agree,Agree,Agree,Agree,Agree,Agree,Somewhat Agree,Somewhat Agree,n/a,Somewhat Agree,Numerical/Percentage,Agree,Agree,Neither Agree nor Disagree,Agree,Agree,Agree,Agree,Strongly Agree,Agree,Strongly Agree,Strongly Agree,Strongly Agree,n/a,Agree,Verbal,Somewhat Disagree,Neither Agree nor Disagree,Neither Agree nor Disagree,Somewhat Disagree,Disagree,Disagree,Disagree,Disagree,Disagree,Disagree,Strongly Disagree,Disagree,This AI model did not present any uncertainty/certainty about it's responses.,Disagree,Yes,Percentage format because it is easier to understand and interpret.,"Percentage format because it is easier to understand the LLM's certainty, and know when to fully trust the LLM response and when not to","Yes it does, because it allows me to know when to fully trust the LLM response and when not to.",4,N_Vi_V
2025-12-26 02:00:06,2025-12-26 02:33:34,IP Address,100,2008,True,2025-12-26 02:33:35,R_3YJSZIuXUASnl7m,anonymous,EN-GB,"Yes, I agree",Three versions; the uncertainty is shown in different formats,66d6376eb15526056851d558,49,Female,Bachelor's degree,Daily,Passive,7,Passive,8,Passive,7,Verbal,Strongly Agree,Somewhat Agree,Somewhat Agree,Agree,Agree,Strongly Agree,Agree,Agree,Agree,Agree,Somewhat Agree,Strongly Agree,Agree,"It was clear that the AI was uncertain, using words like ""generally"", ""i'm not sure"", ""could"" and ""it may help to""",Agree,Numerical/Percentage,Neither Agree nor Disagree,Somewhat Disagree,Somewhat Disagree,Somewhat Agree,Somewhat Agree,Somewhat Agree,Somewhat Agree,Somewhat Agree,Somewhat Agree,Somewhat Agree,Agree,Somewhat Agree,"For the first question, this AI used uncertain words along with the % meter, which I found very helpful, however by the last question, it spoke with certainty but the % meter showed a very low certainty. This could be confusing to a user if they don't see or pay attention to the % meter. I would suggest leaving the % meter visible longer (it seemed to disappear for the previous question during each subsequent question).",Agree,Visual/Colour,Somewhat Agree,Neither Agree nor Disagree,Neither Agree nor Disagree,Agree,Somewhat Agree,Agree,Agree,Somewhat Agree,Somewhat Agree,Somewhat Agree,Somewhat Agree,Somewhat Disagree,"Although the color coding helped me evaluate the uncertainty, I didn't like it as it was too ambiguous. It assumed that I knew what the colors meant (I did understand the colors, but other may not), and didn't indicate the level of uncertainty like the % meter did. ",Agree,Yes,"I preferred the % meter as it really helped me understand the level of uncertainty in the answer. The bar and % shown gave me a quick and easy understanding with a quick glance. My second choice would be verbal, but I worry that others (especially people on the autism spectrum that have difficulty picking up verbal cues) may not be able to understand the nuances and how they relate to uncertainty. ","I would prefer the % meter, as described above. ","Well...that really depends on how often the uncertainty level is high! In theory I like the idea of seeing the uncertainty, and think it could increase trust in the AI. But on the other hand, if the uncertainty is high most of the time, I would lose confidence in that LLM and would reevaulate if I should continue using that LLM. ",1,V_N_Vi
2025-12-26 02:05:06,2025-12-26 02:43:08,IP Address,100,2281,True,2025-12-26 02:43:08,R_3hEX62R9TJZP9nB,anonymous,EN-GB,"Yes, I agree",Three versions; the uncertainty is shown in different formats,651865050634b0ca55fc0d0d,36,Male,Master's degree or higher,Daily,Promoter,9,Detractor,5,Passive,8,Verbal,Strongly Agree,Agree,Agree,Neither Agree nor Disagree,Agree,Agree,Neither Agree nor Disagree,Agree,Agree,Agree,Agree,Agree,Agree,I like this one better than the numerical LLM,Strongly Agree,Numerical/Percentage,Somewhat Agree,Agree,Somewhat Agree,Somewhat Agree,Somewhat Agree,Agree,Agree,Somewhat Agree,Agree,Agree,Somewhat Agree,Somewhat Agree,,Agree,Visual/Colour,Neither Agree nor Disagree,Agree,Neither Agree nor Disagree,Agree,Agree,Neither Agree nor Disagree,Strongly Agree,Strongly Agree,Agree,Strongly Agree,Strongly Agree,Strongly Agree,,Strongly Agree,Indifferent,"Visual, as it allows me to quickly gauge the LLM'sc confidence at a glance with minimal effort.","The visual format is preferable, as it is much easier and quicker to gauge and it provides an immediate sense of certainty without the need for careful interpretation.",Yes.,3,N_V_Vi
2025-12-26 02:24:29,2025-12-26 02:44:04,IP Address,100,1175,True,2025-12-26 02:44:05,R_1QFUb4Q3aCBqw9R,anonymous,EN-GB,"Yes, I agree",Three versions; the uncertainty is shown in different formats,58f0fca0d40252000192f201,44,Male,Master's degree or higher,Several times a week,Passive,7,Detractor,4,Passive,7,Verbal,Strongly Agree,Agree,Agree,Somewhat Agree,Strongly Agree,Agree,Agree,Strongly Agree,Agree,Strongly Agree,Agree,Agree,Strongly Agree,To me this was very clear how uncertain the AI was,Strongly Agree,Numerical/Percentage,Somewhat Agree,Strongly Agree,Strongly Agree,Strongly Agree,Agree,Agree,Agree,Agree,Agree,Agree,Agree,Agree,"This seemed very effective than the color, but there was a lot of information in the response so I was not sure of which part they were unsure of",Agree,Visual/Colour,Neither Agree nor Disagree,Somewhat Agree,Neither Agree nor Disagree,Somewhat Agree,Somewhat Disagree,Somewhat Agree,Neither Agree nor Disagree,Somewhat Agree,Somewhat Agree,Neither Agree nor Disagree,Somewhat Agree,Somewhat Disagree,I had to go back and look carefully and noticed the color around the AI changed when I asked questions.  I would put a scale for uncertainty to make it clearer,Somewhat Disagree,Yes,I would say the percentage verbal other than the percentage.  it sounds more natural and seemed more relatable to me,the percentage.  it is more precise.  Just saying I am not sure really isn't too precise.,"It does.  Sometimes I realize the AI is just shooting in the dark, but I may not realize it if I know nothing about the topic.",5,Vi_V_N
2025-12-26 02:35:24,2025-12-26 03:00:21,IP Address,100,1497,True,2025-12-26 03:00:22,R_6U6eTHN2QnKTWw5,anonymous,EN-GB,"Yes, I agree",Three versions; the uncertainty is shown in different formats,694c8c4bd7737e94de958f91,19,Female,High School,Several times a week,Detractor,6,Detractor,3,Detractor,6,Verbal,Strongly Agree,Agree,Somewhat Agree,Somewhat Agree,Agree,Agree,Agree,Agree,Agree,Agree,Agree,Strongly Agree,Strongly Agree,,Strongly Agree,Numerical/Percentage,Somewhat Agree,Somewhat Agree,Somewhat Agree,Agree,Agree,Somewhat Agree,Agree,Somewhat Agree,Somewhat Agree,Somewhat Agree,Agree,Somewhat Disagree,,Somewhat Agree,Visual/Colour,Agree,Somewhat Agree,Somewhat Agree,Agree,Agree,Agree,Agree,Agree,Agree,Somewhat Agree,Agree,Agree,,Somewhat Agree,Indifferent,"The visual format appears more cohesive and has a better flow, rather than oversaturating its answers.",The verbal format seems more trustworthy because it lets the user know multiple times that the answer is their best guess rather than a perfect answer.,"Yes, I feel responses are more genuine when LLMs are not 100% sure, as humans aren't usually either.",5,Vi_V_N
